{"noiseKey":{"private":{"type":"Buffer","data":"4J0gSjwHENto7o8CdT/CsYKjqSc4LNaRkH8DdiQcAXY="},"public":{"type":"Buffer","data":"DZAR4TJbiEm9fVlzaEq+HQa3r+jBvHZwp/yXA2PiCR8="}},"pairingEphemeralKeyPair":{"private":{"type":"Buffer","data":"oMn4IYjRfiM8FhyFrEiXVKvCIcTe1xIFpIOCmV1hDkE="},"public":{"type":"Buffer","data":"2HR1YRbsBkTMFMZfiWNWvP55XcS5E/zurnCi3Hn1xlk="}},"signedIdentityKey":{"private":{"type":"Buffer","data":"WOOpLoNvDVoAyAcCvgDLF2hHN3aodBEqcl5I9Ent6mo="},"public":{"type":"Buffer","data":"1al+S6PveRZst3nNSR1GyGM5Zc7JV0kudcHP7ZpvAC0="}},"signedPreKey":{"keyPair":{"private":{"type":"Buffer","data":"WC1qv4y5YPYW/DhAxEI72hAOsGysSjRAZkmhTgEDK2I="},"public":{"type":"Buffer","data":"RrE18+rajPXBOPbPi1Pjibn2WSqQdChNnqFhzBVBSV4="}},"signature":{"type":"Buffer","data":"qInN8jfN0PEpAV1MtZMs/0oahfjhg+fBQVMpxMqUtK2VRYFlKwYDJuHFeHL1MJoR5f/NM2BI6qBJE+tqfMB9gA=="},"keyId":1},"registrationId":67,"advSecretKey":"xKqySLMDUqKrNYEKtX6++v6fNZYQGP6vDYe8nndP/2c=","processedHistoryMessages":[{"key":{"remoteJid":"94774369038@s.whatsapp.net","fromMe":true,"id":"58BAB2610BF9951E084E4AEB8FF10214"},"messageTimestamp":1706281770},{"key":{"remoteJid":"94774369038@s.whatsapp.net","fromMe":true,"id":"93CB10996952B33B9129E852EAF15BA3"},"messageTimestamp":1706281771}],"nextPreKeyId":31,"firstUnuploadedPreKeyId":31,"accountSyncCounter":1,"accountSettings":{"unarchiveChats":false},"deviceId":"AFVp58_dQZuLuqxIoZOX8A","phoneId":"70a2d108-b37c-47ff-89c1-24f7fc66137e","identityId":{"type":"Buffer","data":"e8ptSQa9qMHqv5U5B9q77JSE8ps="},"registered":true,"backupToken":{"type":"Buffer","data":"vSZwdEw0ENDslTnj245oCYbpyI8="},"registration":{},"pairingCode":"DW1V922Z","me":{"id":"94774369038:17@s.whatsapp.net","name":"𝐷𝐴𝑅𝐾 𝑆𝐻𝐴𝑁 𝑇𝐸𝑆𝑇 𝐵𝑂𝑇"},"account":{"details":"CJHilzMQpJbPrQYYDg==","accountSignatureKey":"HLgP/8TqBk/NPs2C2j0sHJ6HyaxCechkAH+smjbsZxI=","accountSignature":"HDkhkzdJVmPEf8uufGAr/7UvQMV3N6HF4jmvDIzu0Z7FFaWZq3A6Q4Nem9sAVWgtlQH7yER9WKvthfgOOLsQAQ==","deviceSignature":"y6ipOWbWuhvVYXBBkFudXJZ3Y19qFab3x4nPU8tMpmgbDDDyVObkwzpwhL/N5/DMmN8vK24p17gJj4y8dOcfjw=="},"signalIdentities":[{"identifier":{"name":"94774369038:17@s.whatsapp.net","deviceId":0},"identifierKey":{"type":"Buffer","data":"BRy4D//E6gZPzT7Ngto9LByeh8msQnnIZAB/rJo27GcS"}}],"platform":"android","lastAccountSyncTimestamp":1706281767,"myAppStateKeyId":"AAAAAGRc"}